{
    "english": "en",
    "indonesia": "id",
    "spanish": "es",
    "turkish": "tr",
    "amharic": "am",
    "arabic": "ar",
    "basque": "eu",
    "bengali": "bn",
    "english-uk": "en-gb",
    "portuguese-brazil": "pt-br",
    "bulgarian": "bg",
    "catalan": "ca",
    "cherokee": "chr",
    "croatian": "hr",
    "czech": "cs",
    "danish": "da",
    "dutch": "nl",
    "estonian": "et",
    "filipino": "fil",
    "finnish": "fi",
    "french": "fr",
    "german": "de",
    "greek": "el",
    "gujarati": "gu",
    "hebrew": "iw",
    "hindi": "hi",
    "hungarian": "hu",
    "icelandic": "is",
    "italian": "it",
    "japanese": "ja",
    "kannada": "kn",
    "korean": "ko",
    "latvian": "lv",
    "lithuanian": "lt",
    "malay": "ms",
    "malayalam": "ml",
    "marathi": "mr",
    "norwegian": "no",
    "polish": "pl",
    "portuguese (portugal)": "pt-pt",
    "romanian": "ro",
    "russian": "ru",
    "serbian": "sr",
    "chinese (prc)": "zh-cn",
    "slovak": "sk",
    "slovenian": "sl",
    "swahili": "sw",
    "swedish": "sv",
    "tamil": "ta",
    "telugu": "te",
    "thai": "th",
    "chinese-taiwan": "zh-tw",
    "urdu": "ur",
    "ukrainian": "uk",
    "vietnamese": "vi",
    "welsh": "cy"
}