{
    "Log_in": "Entrar",
    "Register": "Registro",
    "Announcement": "Anuncio",
    "Registration_Info": "Informaci\u00f3n de registro",
    "Voucher_not_found__please_buy_voucher_befor_register": "Cup\u00f3n no encontrado, compre el cup\u00f3n antes de registrarse",
    "Register_Success__You_can_login_now": "\u00a1Registro exitoso! Puedes iniciar sesi\u00f3n ahora",
    "Log_in_to_Member_Panel": "Log in to Member Panel",
    "Register_as_Member": "Reg\u00edstrese como miembro",
    "Enter_Admin_Area": "Panel de administraci\u00f3n",
    "PHPNuxBill": "DIGITAL-RED",
    "Username": "Usuario",
    "Password": "Contrase\u00f1a",
    "Passwords_does_not_match": "Las contrase\u00f1as no coinciden",
    "Account_already_axist": "La cuenta ya existe",
    "Manage": "Administrar",
    "Submit": "Enviar",
    "Save_Changes": "Guardar cambios",
    "Cancel": "Cancelar",
    "Edit": "Editar",
    "Delete": "Eliminar",
    "Welcome": "Bienvenido",
    "Data_Created_Successfully": "Datos creados con \u00e9xito",
    "Data_Updated_Successfully": "Datos actualizados con \u00e9xito",
    "Data_Deleted_Successfully": "Datos eliminados con \u00e9xito",
    "Static_Pages": "P\u00e1ginas est\u00e1ticas",
    "Failed_to_save_page__make_sure_i_can_write_to_folder_pages___i_chmod_664_pages___html_i_": "No se pudo guardar la p\u00e1gina, aseg\u00farese de que pueda escribir en las p\u00e1ginas de la carpeta, <i>chmod 664 pages\/*.html<i>",
    "Saving_page_success": "Guardando el \u00e9xito de la p\u00e1gina",
    "Sometimes_you_need_to_refresh_3_times_until_content_change": "A veces es necesario actualizar 3 veces hasta que cambie el contenido",
    "Dashboard": "Dashboard",
    "Search_Customers___": "Buscar clientes...",
    "My_Account": "Mi cuenta",
    "My_Profile": "Mi perfil",
    "Settings": "Ajustes",
    "Edit_Profile": "Editar perfil",
    "Change_Password": "Cambia la contrase\u00f1a",
    "Logout": "Cerrar sesi\u00f3n",
    "Services": "Servicios",
    "Bandwidth_Plans": "Planes de velocidad",
    "Bandwidth_Name": "Nombre de ancho de banda",
    "New_Bandwidth": "Nuevo ancho de banda",
    "Edit_Bandwidth": "Editar ancho de banda",
    "Add_New_Bandwidth": "Agregar nuevo ancho de banda",
    "Rate_Download": "Tarifa Descarga",
    "Rate_Upload": "Tasa de subida",
    "Name_Bandwidth_Already_Exist": "El ancho de banda del nombre ya existe",
    "Hotspot_Plans": "Planes de Hotspot",
    "PPPOE_Plans": "Planes PPPOE",
    "Plan_Name": "Nombre",
    "New_Service_Plan": "Nuevo plan de servicio",
    "Add_Service_Plan": "Agregar plan de servicio",
    "Edit_Service_Plan": "Editar plan de servicio",
    "Name_Plan_Already_Exist": "Nombre El plan ya existe",
    "Plan_Type": "Tipo de plan",
    "Plan_Price": "Precio del plan",
    "Limit_Type": "Tipo de l\u00edmite",
    "Unlimited": "Ilimitado",
    "Limited": "Limitado",
    "Time_Limit": "L\u00edmite de tiempo",
    "Data_Limit": "L\u00edmite de datos",
    "Both_Limit": "Ambos L\u00edmite",
    "Plan_Validity": "Validez del Plan",
    "Select_Bandwidth": "Seleccionar ancho de banda",
    "Shared_Users": "Usuarios compartidos",
    "Choose_User_Type_Sales_to_disable_access_to_Settings": "Elija Ventas de tipo de usuario para deshabilitar el acceso a la Configuraci\u00f3n",
    "Current_Password": "Contrase\u00f1a actual",
    "New_Password": "Nueva contrase\u00f1a",
    "Administrator": "Administrador",
    "Sales": "Ventas",
    "Member": "Usuario",
    "Confirm_New_Password": "Confirmar nueva contrase\u00f1a",
    "Confirm_Password": "Confirmar contrase\u00f1a",
    "Full_Name": "Nombre completo",
    "User_Type": "Tipo de usuario",
    "Address": "Direcci\u00f3n",
    "Created_On": "Creado en",
    "Expires_On": "Expira el",
    "Phone_Number": "N\u00famero de tel\u00e9fono",
    "User_deleted_Successfully": "Usuario eliminado con \u00e9xito",
    "Full_Administrator": "Administrador completo",
    "Keep_Blank_to_do_not_change_Password": "Mantener en blanco para no cambiar la contrase\u00f1a",
    "Keep_it_blank_if_you_do_not_want_to_show_currency_code": "Mant\u00e9ngalo en blanco si no desea mostrar el c\u00f3digo de moneda",
    "Theme_Style": "Estilo de tema",
    "Theme_Color": "Color del tema",
    "Default_Language": "Idioma predeterminado",
    "Network": "Red",
    "Routers": "Routers",
    "IP_Pool": "IP Pool",
    "New_Router": "Nuevo Router",
    "Add_Router": "Agregar Router",
    "Edit_Router": "Editar Router",
    "Router_Name": "Nombre del Router",
    "IP_Address": "Direccion IP",
    "Router_Secret": "Contrase\u00f1a Router",
    "Description": "Descripcion",
    "IP_Router_Already_Exist": "El enrutador IP ya existe",
    "Name_Pool": "Nombre del Pool",
    "Range_IP": "Rango de IP",
    "New_Pool": "Nuevo Pool",
    "Add_Pool": "Agregar Pool",
    "Edit_Pool": "Editar Pool",
    "Pool_Name_Already_Exist": "Nombre del Pool ya existe",
    "Refill_Account": "Recargar Ficha",
    "Recharge_Account": "Recargar Cuenta",
    "Select_Account": "Seleccionar cuenta",
    "Service_Plan": "Plan de servicio",
    "Recharge": "Recargar",
    "Method": "M\u00e9todo",
    "Account_Created_Successfully": "Cuenta creada con \u00e9xito",
    "Database_Status": "Estado de la base de datos",
    "Total_Database_Size": "Tama\u00f1o total de la base de datos",
    "Download_Database_Backup": "Descargar copia de seguridad de la base de datos",
    "Table_Name": "Nombre de la tabla",
    "Rows": "Filas",
    "Size": "Tama\u00f1o",
    "Customer": "Clientes",
    "Add_New_Contact": "A\u00f1adir nuevo contacto",
    "Edit_Contact": "Editar contacto",
    "List_Contact": "Lista de contactos",
    "Manage_Contact": "Administrar contacto",
    "Reports": "Reportes",
    "Daily_Reports": "Reportes diarios",
    "Period_Reports": "Informes del per\u00edodo",
    "All_Transactions": "Todas las transacciones",
    "Total_Income": "Ingresos totales",
    "All_Transactions_at_Date": "Todas las transacciones en la fecha",
    "Export_for_Print": "Exportar para imprimir",
    "Print": "Impresi\u00f3n",
    "Export_to_PDF": "Exportar a PDF",
    "Click_Here_to_Print": "Haga clic aqu\u00ed para imprimir",
    "You_can_use_html_tag": "Puedes usar la etiqueta html",
    "Date_Format": "Formato de fecha",
    "Income_Today": "Ingresos hoy",
    "Income_This_Month": "Ingresos este mes",
    "Users_Active": "Usuarios activos",
    "Total_Users": "Total de usuarios",
    "Users": "Usuarios",
    "Edit_User": "Editar usuario",
    "Last_Login": "\u00daltimo acceso",
    "Administrator_Users": "Usuarios administradores",
    "Manage_Administrator": "Administrar administrador",
    "Add_New_Administrator": "Agregar nuevo administrador",
    "Localisation": "Localizaci\u00f3n",
    "Backup_Restore": "Copia de seguridad\/restauracion",
    "General_Settings": "Configuraci\u00f3n general",
    "Date": "Fecha",
    "Login_Successful": "Inicio de sesi\u00f3n exitoso",
    "Failed_Login": "Inicio de sesi\u00f3n fallido",
    "Settings_Saved_Successfully": "Configuraci\u00f3n guardada con \u00e9xito",
    "User_Updated_Successfully": "Usuario actualizado con \u00e9xito",
    "User_Expired__Today": "Usuario vencido, hoy",
    "Activity_Log": "Registro de actividades",
    "View_Reports": "Ver los informes",
    "View_All": "Ver todo",
    "Number_of_Vouchers": "N\u00famero de Fichas",
    "Length_Code": "Longitud de codigo",
    "Code_Voucher": "Cup\u00f3n de Ficha",
    "Voucher": "Ficha",
    "Hotspot_Voucher": "Ficha Hotspot",
    "Status_Voucher": "Estatado de Ficha",
    "Add_Vouchers": "Agregar Ficha",
    "Create_Vouchers_Successfully": "Crear Ficha con \u00e9xito",
    "Generate": "Generar",
    "Print_side_by_side__it_will_easy_to_cut": "Imprimir uno al lado del otro, ser\u00e1 f\u00e1cil de cortar",
    "From_Date": "Partir de la fecha",
    "To_Date": "Hasta la fecha",
    "New_Service": "Nuevo servicio",
    "Type": "Tipo",
    "Finish": "Finalizar",
    "Application_Name__Company_Name": "Nombre de la aplicaci\u00f3n\/ Nombre de la empresa",
    "This_Name_will_be_shown_on_the_Title": "Este nombre se mostrar\u00e1 en el t\u00edtulo",
    "Next": "Siguiente",
    "Last": "Atras",
    "Timezone": "Zona horaria",
    "Decimal_Point": "Punto decimal",
    "Thousands_Separator": "Separador de miles",
    "Currency_Code": "C\u00f3digo de moneda",
    "Order_Voucher": "Comprobante de pedido",
    "Voucher_Activation": "Activaci\u00f3n de Fichas",
    "List_Activated_Voucher": "Lista de Fichas activados",
    "Enter_voucher_code_here": "Ingrese el c\u00f3digo de la Ficha aqu\u00ed",
    "Private_Message": "Mensaje privado",
    "Inbox": "Bandeja de entrada",
    "Outbox": "Bandeja de salida",
    "Compose": "Componer",
    "Send_to": "Enviar a",
    "Title": "T\u00edtulo",
    "Message": "Mensaje",
    "Your_Account_Information": "Informaci\u00f3n de su cuenta",
    "Welcome_to_the_Panel_Members_page__on_this_page_you_can_": "Bienvenido a la p\u00e1gina de Miembros del Panel, en esta p\u00e1gina puede:",
    "Invalid_Username_or_Password": "Usuario o contrase\u00f1a invalido",
    "You_do_not_have_permission_to_access_this_page": "Usted no tiene permiso para acceder a esta p\u00e1gina",
    "Incorrect_Current_Password": "IContrase\u00f1a actual incorrecta",
    "Password_changed_successfully__Please_login_again": "Contrase\u00f1a cambiada con \u00e9xito, por favor inicie sesi\u00f3n de nuevo",
    "All_field_is_required": "Todo el campo es requerido",
    "Voucher_Not_Valid": "Ficha no v\u00e1lida",
    "Activation_Vouchers_Successfully": "Fichas de activaci\u00f3n con \u00e9xito",
    "Data_Not_Found": "Datos no encontrados",
    "Search_by_Username": "Buscar por nombre de usuario",
    "Search_by_Name": "Buscar por nombre",
    "Search_by_Code_Voucher": "B\u00fasqueda por c\u00f3digo de Ficha",
    "Search": "B\u00fasqueda",
    "Select_a_customer": "Seleccione un cliente",
    "Select_Routers": "Seleccionar enrutadores",
    "Select_Plans": "Seleccionar planes",
    "Select_Pool": "Seleccionar Pool",
    "Hrs": "Hrs",
    "Mins": "Mins",
    "Days": "Dias",
    "Months": "Meses",
    "Add_Language": "Agregar idioma",
    "Language_Name": "Nombre del lenguaje",
    "Folder_Name": "Nombre de la carpeta",
    "Translator": "Traducir",
    "Language_Name_Already_Exist": "El nombre del idioma ya existe",
    "Payment_Gateway": "Payment Gateway",
    "Community": "Community",
    "1_user_can_be_used_for_many_devices_": "1 user can be used for many devices?",
    "Cannot_be_change_after_saved": "Cannot be change after saved",
    "Explain_Coverage_of_router": "Jelaskan Cakupan wilayah hotspot",
    "Name_of_Area_that_router_operated": "Nama Lokasi\/Wilayah Router beroperasi",
    "Payment_Notification_URL__Recurring_Notification_URL__Pay_Account_Notification_URL": "Payment Notification URL, Recurring Notification URL, Pay Account Notification URL",
    "Finish_Redirect_URL__Unfinish_Redirect_URL__Error_Redirect_URL": "Finish Redirect URL, Unfinish Redirect URL, Error Redirect URL",
    "Status": "Status",
    "Plan_Not_found": "Plan Not found",
    "Failed_to_create_transaction_": "Failed to create transaction.",
    "Seller_has_not_yet_setup_Xendit_payment_gateway": "Seller has not yet setup Xendit payment gateway",
    "Admin_has_not_yet_setup_Xendit_payment_gateway__please_tell_admin": "Admin has not yet setup Xendit payment gateway, please tell admin",
    "Buy_this__your_active_package_will_be_overwrite": "Buy this? your active package will be overwrite",
    "You_already_have_unpaid_transaction__cancel_it_or_pay_it_": "You already have unpaid transaction, cancel it or pay it.",
    "Transaction_Not_found": "Transaction Not found",
    "Cancel_it_": "Cancel it?",
    "expired": "expired",
    "Check_for_Payment": "Check for Payment",
    "Transaction_still_unpaid_": "Transaction still unpaid.",
    "Paid_Date": "Paid Date",
    "Transaction_has_been_paid_": "Transaction has been paid.",
    "PAID": "PAID",
    "CANCELED": "CANCELED",
    "UNPAID": "UNPAID",
    "PAY_NOW": "PAY NOW",
    "Buy_Hotspot_Plan": "Buy Hotspot Plan",
    "Buy_PPOE_Plan": "Buy PPOE Plan",
    "Package": "Package",
    "Order_Internet_Package": "Order Internet Package",
    "Unknown_Command_": "Unknown Command.",
    "Checking_payment": "Checking payment",
    "Create_Transaction_Success": "Create Transaction Success",
    "You_have_unpaid_transaction": "You have unpaid transaction",
    "TripayPayment_Channel": "TripayPayment Channel",
    "Payment_Channel": "Payment Channel",
    "Payment_check_failed_": "Payment check failed.",
    "Order_Package": "Order Package",
    "Transactions": "Transactions",
    "Payments": "Payments",
    "History": "History",
    "Order_History": "Order History",
    "Gateway": "Gateway",
    "Date_Done": "Date Done",
    "Unpaid_Order": "Unpaid Order",
    "Payment_Gateway_Not_Found": "Payment Gateway Not Found",
    "Payment_Gateway_saved_successfully": "Payment Gateway saved successfully",
    "ORDER": "ORDER",
    "Package_History": "Package History",
    "Buy_History": "Buy History",
    "Activation_History": "Activation History",
    "Buy_Package": "Buy Package",
    "Email": "Email",
    "Company_Footer": "Company Footer",
    "Will_show_below_user_pages": "Will show below user pages",
    "Request_OTP": "Request OTP",
    "Verification_Code": "Verification Code",
    "SMS_Verification_Code": "SMS Verification Code",
    "Please_enter_your_email_address": "Please enter your email address",
    "Failed_to_create_Paypal_transaction_": "Failed to create Paypal transaction.",
    "Plugin": "Plugin",
    "Plugin_Manager": "Plugin Manager",
    "User_Notification": "User Notification",
    "Expired_Notification": "Expired Notification",
    "User_will_get_notification_when_package_expired": "User will get notification when package expired",
    "Expired_Notification_Message": "Expired Notification Message",
    "Payment_Notification": "Payment Notification",
    "User_will_get_invoice_notification_when_buy_package_or_package_refilled": "User will get invoice notification when buy package or package refilled",
    "Current_IP": "Current IP",
    "Current_MAC": "Current MAC",
    "Login_Status": "Login Status",
    "Login_Request_successfully": "Login Request successfully",
    "Logout_Request_successfully": "Logout Request successfully",
    "Disconnect_Internet_": "Disconnect Internet?",
    "Not_Online__Login_now_": "Not Online, Login now?",
    "You_are_Online__Logout_": "You are Online, Logout?",
    "Connect_to_Internet_": "Connect to Internet?",
    "Your_account_not_connected_to_internet": "Your account not connected to internet",
    "Balance": "Balance",
    "Balance_System": "Balance System",
    "Enable_System": "Enable System",
    "Allow_Transfer": "Allow Transfer",
    "Telegram_Notification": "Telegram Notification",
    "SMS_OTP_Registration": "SMS OTP Registration",
    "Whatsapp_Notification": "Whatsapp Notification",
    "Tawk_to_Chat_Widget": "Tawk.to Chat Widget",
    "Invoice": "Invoice",
    "Country_Code_Phone": "Country Code Phone",
    "Voucher_activation_menu_will_be_hidden": "Voucher activation menu will be hidden",
    "Customer_can_deposit_money_to_buy_voucher": "Customer can deposit money to buy voucher",
    "Allow_balance_transfer_between_customers": "Allow balance transfer between customers",
    "Refill_Balance": "Refill Balance",
    "Balance_Plans": "Balance Plans",
    "Failed_to_create_transaction__": "Failed to create transaction. ",
    "Failed_to_check_status_transaction__": "Failed to check status transaction. ",
    "Disable_Voucher": "Disable Voucher",
    "Reminder_Notification": "Reminder Notification",
    "Reminder_Notification_Message": "Reminder Notification Message",
    "Reminder_7_days": "Reminder 7 days",
    "Reminder_3_days": "Reminder 3 days",
    "Reminder_1_day": "Reminder 1 day",
    "PPPOE_Password": "PPPOE Password",
    "User_Cannot_change_this__only_admin__if_it_Empty_it_will_use_user_password": "User Cannot change this, only admin. if it Empty it will use user password",
    "Invoice_Balance_Message": "Invoice Balance Message",
    "Invoice_Notification_Payment": "Invoice Notification Payment",
    "Balance_Notification_Payment": "Balance Notification Payment",
    "Buy_Balance": "Buy Balance",
    "Price": "Price",
    "Validity": "Validity",
    "Disable_auto_renewal_": "Disable auto renewal?",
    "Auto_Renewal_On": "Auto Renewal On",
    "Enable_auto_renewal_": "Enable auto renewal?",
    "Auto_Renewal_Off": "Auto Renewal Off",
    "Invoice_Footer": "Invoice Footer",
    "Pay_With_Balance": "Pay With Balance",
    "Pay_this_with_Balance__your_active_package_will_be_overwrite": "Pay this with Balance? your active package will be overwrite",
    "Success_to_buy_package": "Success to buy package",
    "Auto_Renewal": "Auto Renewal",
    "View": "View",
    "Back": "Back",
    "Active": "Active",
    "Transfer_Balance": "Transfer Balance",
    "Send_your_balance_": "Send your balance?",
    "Send": "Send",
    "Cannot_send_to_yourself": "Cannot send to yourself",
    "Sending_balance_success": "Sending balance success",
    "From": "From",
    "To": "To",
    "insufficient_balance": "insufficient balance",
    "Send_Balance": "Send Balance",
    "Received_Balance": "Received Balance",
    "Minimum_Balance_Transfer": "Minimum Balance Transfer",
    "Minimum_Transfer": "Minimum Transfer",
    "Company_Logo": "Company Logo",
    "Expired_IP_Pool": "Expired IP Pool",
    "Proxy": "Proxy",
    "Proxy_Server": "Proxy Server",
    "Proxy_Server_Login": "Proxy Server Login",
    "Hotspot_Plan": "Hotspot Plan",
    "PPPOE_Plan": "PPPOE Plan",
    "UNKNOWN": "UNKNOWN",
    "Are_You_Sure_": "Are You Sure?",
    "Success_to_send_package": "Success to send package",
    "Target_has_active_plan__different_with_current_plant_": "Target has active plan, different with current plant.",
    "Recharge_a_friend": "Recharge a friend",
    "Buy_for_friend": "Buy for friend",
    "Buy_this_for_friend_account_": "Buy this for friend account?",
    "Review_package_before_recharge": "Review package before recharge",
    "Activate": "Activate",
    "Deactivate": "Deactivate",
    "Sync": "Sync",
    "Failed_to_create_PaymeTrust_transaction_": "Failed to create PaymeTrust transaction.",
    "Location": "Location",
    "Voucher_Format": "Voucher Format",
    "Service_Type": "Service Type",
    "Others": "Others",
    "PPPoE": "PPPoE",
    "Hotspot": "Hotspot",
    "Monthly_Registered_Customers": "Monthly Registered Customers",
    "Total_Monthly_Sales": "Total Monthly Sales",
    "Active_Users": "Active Users"
}